sample_id,day,channel,batch_id,operator,pressure_group,true_pressure_mmhg,true_flow_lmin,channel_pressure_bias,channel_flow_bias,drift_pressure,drift_flow,ext_pressure_mmhg,eol_pressure_mmhg,ext_flow_lmin,eol_flow_lmin,reference_decision,eol_decision,false_pass,false_fail,pressure_bias,flow_bias
S001,1,1,B01,Op_C,good,63.31,0.062,0.0,0.0,0.0,0.0,63.21,62.37,0.046,0.03,Pass,Pass,0,0,-0.84,-0.016
S002,1,1,B01,Op_A,failed,51.29,0.167,0.0,0.0,0.0,0.0,51.34,51.15,0.18,0.113,Fail,Fail,0,0,-0.19,-0.067
S003,1,1,B01,Op_C,borderline,53.91,0.152,0.0,0.0,0.0,0.0,54.04,53.0,0.171,0.187,Pass,Fail,0,1,-1.04,0.016
S004,1,1,B01,Op_C,good,59.3,0.119,0.0,0.0,0.0,0.0,59.93,58.38,0.121,0.158,Pass,Pass,0,0,-1.55,0.037
S005,1,1,B01,Op_A,good,61.11,0.059,0.0,0.0,0.0,0.0,61.08,61.91,0.064,0.054,Pass,Pass,0,0,0.83,-0.01
S006,1,1,B01,Op_A,good,58.63,0.13,0.0,0.0,0.0,0.0,58.34,58.42,0.135,0.11,Pass,Pass,0,0,0.08,-0.025
S007,1,1,B01,Op_C,good,60.78,0.061,0.0,0.0,0.0,0.0,60.34,60.52,0.03,0.05,Pass,Pass,0,0,0.18,0.02
S008,1,1,B01,Op_B,good,56.02,0.179,0.0,0.0,0.0,0.0,56.0,56.33,0.176,0.169,Pass,Pass,0,0,0.33,-0.007
S009,1,1,B01,Op_C,good,59.16,0.083,0.0,0.0,0.0,0.0,59.0,58.92,0.079,0.047,Pass,Pass,0,0,-0.08,-0.032
S010,1,1,B01,Op_C,good,60.44,0.106,0.0,0.0,0.0,0.0,61.14,61.81,0.127,0.097,Pass,Pass,0,0,0.67,-0.03
S011,1,1,B01,Op_C,borderline,55.77,0.162,0.0,0.0,0.0,0.0,56.39,55.59,0.167,0.167,Pass,Pass,0,0,-0.8,0.0
S012,1,1,B01,Op_C,borderline,53.68,0.14,0.0,0.0,0.0,0.0,53.32,53.92,0.136,0.171,Fail,Fail,0,0,0.6,0.035
S013,1,2,B01,Op_A,good,57.25,0.131,0.25,-0.01,0.0,0.0,57.0,58.13,0.13,0.121,Pass,Pass,0,0,1.13,-0.009
S014,1,2,B01,Op_C,good,59.11,0.15,0.25,-0.01,0.0,0.0,59.14,60.4,0.165,0.093,Pass,Pass,0,0,1.26,-0.072
S015,1,2,B01,Op_B,borderline,53.37,0.167,0.25,-0.01,0.0,0.0,53.86,53.14,0.164,0.168,Fail,Fail,0,0,-0.72,0.004
S016,1,2,B01,Op_A,borderline,54.35,0.153,0.25,-0.01,0.0,0.0,54.37,54.33,0.143,0.135,Pass,Pass,0,0,-0.04,-0.008
S017,1,2,B01,Op_B,failed,50.49,0.121,0.25,-0.01,0.0,0.0,50.26,51.57,0.117,0.152,Fail,Fail,0,0,1.31,0.035
S018,1,2,B01,Op_B,borderline,53.18,0.123,0.25,-0.01,0.0,0.0,53.16,53.96,0.137,0.156,Fail,Fail,0,0,0.8,0.019
S019,1,2,B01,Op_B,good,60.71,0.126,0.25,-0.01,0.0,0.0,60.49,61.66,0.133,0.16,Pass,Pass,0,0,1.17,0.027
S020,1,2,B01,Op_B,good,59.26,0.123,0.25,-0.01,0.0,0.0,59.47,58.62,0.124,0.096,Pass,Pass,0,0,-0.85,-0.028
S021,1,2,B01,Op_A,borderline,55.58,0.155,0.25,-0.01,0.0,0.0,55.33,56.84,0.158,0.205,Pass,Pass,0,0,1.51,0.047
S022,1,2,B01,Op_A,good,56.73,0.144,0.25,-0.01,0.0,0.0,56.55,56.49,0.136,0.145,Pass,Pass,0,0,-0.06,0.009
S023,1,2,B01,Op_B,borderline,53.48,0.188,0.25,-0.01,0.0,0.0,53.89,53.85,0.185,0.227,Fail,Fail,0,0,-0.04,0.042
S024,1,2,B01,Op_B,failed,51.28,0.158,0.25,-0.01,0.0,0.0,51.01,51.43,0.148,0.133,Fail,Fail,0,0,0.42,-0.015
S025,1,3,B01,Op_A,borderline,53.7,0.151,-0.35,0.015,0.0,0.0,53.19,52.78,0.147,0.157,Fail,Fail,0,0,-0.41,0.01
S026,1,3,B01,Op_A,good,59.25,0.075,-0.35,0.015,0.0,0.0,59.28,57.98,0.095,0.098,Pass,Pass,0,0,-1.3,0.003
S027,1,3,B01,Op_A,borderline,54.5,0.103,-0.35,0.015,0.0,0.0,54.37,53.02,0.087,0.123,Pass,Fail,0,1,-1.35,0.036
S028,1,3,B01,Op_C,good,59.74,0.053,-0.35,0.015,0.0,0.0,59.92,59.47,0.043,0.106,Pass,Pass,0,0,-0.45,0.063
S029,1,3,B01,Op_C,borderline,53.82,0.12,-0.35,0.015,0.0,0.0,53.93,52.48,0.101,0.128,Fail,Fail,0,0,-1.45,0.027
S030,1,3,B01,Op_C,failed,50.72,0.216,-0.35,0.015,0.0,0.0,50.71,49.63,0.194,0.266,Fail,Fail,0,0,-1.08,0.072
S031,1,3,B01,Op_B,good,58.33,0.066,-0.35,0.015,0.0,0.0,58.31,57.84,0.063,0.103,Pass,Pass,0,0,-0.47,0.04
S032,1,3,B01,Op_C,failed,51.51,0.155,-0.35,0.015,0.0,0.0,51.25,49.44,0.146,0.164,Fail,Fail,0,0,-1.81,0.018
S033,1,3,B01,Op_B,failed,50.33,0.134,-0.35,0.015,0.0,0.0,50.36,50.49,0.16,0.169,Fail,Fail,0,0,0.13,0.009
S034,1,3,B01,Op_B,good,59.73,0.084,-0.35,0.015,0.0,0.0,60.04,57.81,0.08,0.085,Pass,Pass,0,0,-2.23,0.005
S035,1,3,B01,Op_C,good,63.35,0.08,-0.35,0.015,0.0,0.0,63.01,62.95,0.099,0.166,Pass,Pass,0,0,-0.06,0.067
S036,1,3,B01,Op_B,good,57.84,0.095,-0.35,0.015,0.0,0.0,57.84,57.5,0.11,0.03,Pass,Pass,0,0,-0.34,-0.08
S037,1,4,B01,Op_C,good,61.58,0.121,0.1,0.02,0.0,0.0,61.94,62.03,0.118,0.161,Pass,Pass,0,0,0.09,0.043
S038,1,4,B01,Op_C,good,55.51,0.18,0.1,0.02,0.0,0.0,55.69,55.58,0.212,0.147,Pass,Pass,0,0,-0.11,-0.065
S039,1,4,B01,Op_A,borderline,52.42,0.089,0.1,0.02,0.0,0.0,52.88,53.83,0.093,0.102,Fail,Fail,0,0,0.95,0.009
S040,1,4,B01,Op_C,good,57.64,0.097,0.1,0.02,0.0,0.0,57.44,57.88,0.12,0.114,Pass,Pass,0,0,0.44,-0.006
S041,1,4,B01,Op_A,good,57.73,0.119,0.1,0.02,0.0,0.0,57.09,58.51,0.14,0.184,Pass,Pass,0,0,1.42,0.044
S042,1,4,B01,Op_C,failed,50.81,0.203,0.1,0.02,0.0,0.0,50.88,50.44,0.209,0.202,Fail,Fail,0,0,-0.44,-0.007
S043,1,4,B01,Op_C,good,59.93,0.087,0.1,0.02,0.0,0.0,60.06,60.11,0.098,0.146,Pass,Pass,0,0,0.05,0.048
S044,1,4,B01,Op_A,failed,50.12,0.174,0.1,0.02,0.0,0.0,50.6,51.23,0.183,0.159,Fail,Fail,0,0,0.63,-0.024
S045,1,4,B01,Op_A,good,59.28,0.071,0.1,0.02,0.0,0.0,59.7,59.23,0.054,0.131,Pass,Pass,0,0,-0.47,0.077
S046,1,4,B01,Op_C,good,60.29,0.052,0.1,0.02,0.0,0.0,60.48,60.51,0.053,0.058,Pass,Pass,0,0,0.03,0.005
S047,1,4,B01,Op_B,borderline,55.33,0.178,0.1,0.02,0.0,0.0,55.6,56.07,0.194,0.2,Pass,Pass,0,0,0.47,0.006
S048,1,4,B01,Op_A,borderline,53.17,0.097,0.1,0.02,0.0,0.0,53.1,52.79,0.12,0.107,Fail,Fail,0,0,-0.31,-0.013
S049,2,1,B02,Op_B,failed,49.96,0.245,0.0,0.0,0.0,0.0,49.53,48.55,0.234,0.283,Fail,Fail,0,0,-0.98,0.049
S050,2,1,B02,Op_B,borderline,54.43,0.164,0.0,0.0,0.0,0.0,54.47,54.6,0.172,0.197,Pass,Pass,0,0,0.13,0.025
S051,2,1,B02,Op_B,failed,51.23,0.186,0.0,0.0,0.0,0.0,51.57,51.87,0.188,0.199,Fail,Fail,0,0,0.3,0.011
S052,2,1,B02,Op_A,good,58.34,0.13,0.0,0.0,0.0,0.0,58.57,57.46,0.128,0.095,Pass,Pass,0,0,-1.11,-0.033
S053,2,1,B02,Op_B,good,59.37,0.097,0.0,0.0,0.0,0.0,59.66,59.81,0.102,0.076,Pass,Pass,0,0,0.15,-0.026
S054,2,1,B02,Op_A,borderline,54.53,0.153,0.0,0.0,0.0,0.0,54.38,54.97,0.156,0.122,Pass,Pass,0,0,0.59,-0.034
S055,2,1,B02,Op_B,failed,49.44,0.174,0.0,0.0,0.0,0.0,49.35,47.96,0.182,0.107,Fail,Fail,0,0,-1.39,-0.075
S056,2,1,B02,Op_C,failed,49.41,0.196,0.0,0.0,0.0,0.0,49.58,48.8,0.218,0.234,Fail,Fail,0,0,-0.78,0.016
S057,2,1,B02,Op_C,good,59.65,0.102,0.0,0.0,0.0,0.0,59.46,59.39,0.114,0.092,Pass,Pass,0,0,-0.07,-0.022
S058,2,1,B02,Op_A,good,59.3,0.077,0.0,0.0,0.0,0.0,59.12,59.18,0.082,0.067,Pass,Pass,0,0,0.06,-0.015
S059,2,1,B02,Op_C,borderline,55.0,0.111,0.0,0.0,0.0,0.0,55.1,54.52,0.139,0.156,Pass,Pass,0,0,-0.58,0.017
S060,2,1,B02,Op_C,good,57.92,0.086,0.0,0.0,0.0,0.0,58.19,57.4,0.103,0.072,Pass,Pass,0,0,-0.79,-0.031
S061,2,2,B02,Op_B,failed,49.97,0.204,0.25,-0.01,0.0,0.0,49.9,51.31,0.203,0.169,Fail,Fail,0,0,1.41,-0.034
S062,2,2,B02,Op_A,failed,50.16,0.155,0.25,-0.01,0.0,0.0,49.75,50.34,0.137,0.138,Fail,Fail,0,0,0.59,0.001
S063,2,2,B02,Op_B,good,60.72,0.05,0.25,-0.01,0.0,0.0,60.46,60.52,0.035,0.01,Pass,Pass,0,0,0.06,-0.025
S064,2,2,B02,Op_B,borderline,53.56,0.16,0.25,-0.01,0.0,0.0,53.63,53.78,0.174,0.16,Fail,Fail,0,0,0.15,-0.014
S065,2,2,B02,Op_B,borderline,54.73,0.185,0.25,-0.01,0.0,0.0,54.8,55.33,0.176,0.164,Pass,Pass,0,0,0.53,-0.012
S066,2,2,B02,Op_B,good,59.88,0.124,0.25,-0.01,0.0,0.0,59.96,60.16,0.109,0.099,Pass,Pass,0,0,0.2,-0.01
S067,2,2,B02,Op_B,failed,52.97,0.135,0.25,-0.01,0.0,0.0,53.15,53.09,0.124,0.107,Fail,Fail,0,0,-0.06,-0.017
S068,2,2,B02,Op_B,borderline,53.49,0.101,0.25,-0.01,0.0,0.0,53.49,53.32,0.091,0.088,Fail,Fail,0,0,-0.17,-0.003
S069,2,2,B02,Op_B,failed,49.51,0.175,0.25,-0.01,0.0,0.0,49.6,49.33,0.188,0.168,Fail,Fail,0,0,-0.27,-0.02
S070,2,2,B02,Op_A,good,58.09,0.11,0.25,-0.01,0.0,0.0,58.07,57.95,0.108,0.084,Pass,Pass,0,0,-0.12,-0.024
S071,2,2,B02,Op_C,failed,48.0,0.161,0.25,-0.01,0.0,0.0,48.4,48.47,0.14,0.14,Fail,Fail,0,0,0.07,0.0
S072,2,2,B02,Op_B,good,62.15,0.1,0.25,-0.01,0.0,0.0,62.65,61.75,0.1,0.088,Pass,Pass,0,0,-0.9,-0.012
S073,2,3,B02,Op_B,good,57.64,0.173,-0.35,0.015,0.0,0.0,57.22,57.55,0.176,0.183,Pass,Pass,0,0,0.33,0.007
S074,2,3,B02,Op_B,failed,49.28,0.187,-0.35,0.015,0.0,0.0,49.19,49.85,0.18,0.203,Fail,Fail,0,0,0.66,0.023
S075,2,3,B02,Op_B,good,61.47,0.094,-0.35,0.015,0.0,0.0,61.48,61.33,0.111,0.089,Pass,Pass,0,0,-0.15,-0.022
S076,2,3,B02,Op_B,good,56.87,0.095,-0.35,0.015,0.0,0.0,56.78,56.28,0.089,0.14,Pass,Pass,0,0,-0.5,0.051
S077,2,3,B02,Op_B,failed,51.63,0.205,-0.35,0.015,0.0,0.0,52.26,50.44,0.222,0.223,Fail,Fail,0,0,-1.82,0.001
S078,2,3,B02,Op_C,failed,48.38,0.185,-0.35,0.015,0.0,0.0,48.46,49.06,0.194,0.185,Fail,Fail,0,0,0.6,-0.009
S079,2,3,B02,Op_C,borderline,55.75,0.115,-0.35,0.015,0.0,0.0,55.47,54.64,0.129,0.14,Pass,Pass,0,0,-0.83,0.011
S080,2,3,B02,Op_B,borderline,52.33,0.159,-0.35,0.015,0.0,0.0,52.54,52.53,0.143,0.172,Fail,Fail,0,0,-0.01,0.029
S081,2,3,B02,Op_C,good,56.87,0.138,-0.35,0.015,0.0,0.0,56.96,56.94,0.139,0.101,Pass,Pass,0,0,-0.02,-0.038
S082,2,3,B02,Op_A,good,58.68,0.114,-0.35,0.015,0.0,0.0,58.79,58.18,0.113,0.139,Pass,Pass,0,0,-0.61,0.026
S083,2,3,B02,Op_B,good,60.96,0.129,-0.35,0.015,0.0,0.0,61.59,60.44,0.108,0.113,Pass,Pass,0,0,-1.15,0.005
S084,2,3,B02,Op_A,borderline,54.47,0.153,-0.35,0.015,0.0,0.0,54.59,52.93,0.17,0.196,Pass,Fail,0,1,-1.66,0.026
S085,2,4,B02,Op_A,borderline,54.16,0.135,0.1,0.02,0.0,0.0,54.05,54.47,0.123,0.148,Pass,Pass,0,0,0.42,0.025
S086,2,4,B02,Op_B,borderline,55.85,0.143,0.1,0.02,0.0,0.0,55.17,56.35,0.134,0.186,Pass,Pass,0,0,1.18,0.052
S087,2,4,B02,Op_C,borderline,56.66,0.14,0.1,0.02,0.0,0.0,56.6,56.05,0.125,0.141,Pass,Pass,0,0,-0.55,0.016
S088,2,4,B02,Op_A,good,60.51,0.057,0.1,0.02,0.0,0.0,60.97,60.51,0.068,0.079,Pass,Pass,0,0,-0.46,0.011
S089,2,4,B02,Op_B,good,58.57,0.145,0.1,0.02,0.0,0.0,58.54,58.69,0.122,0.201,Pass,Pass,0,0,0.15,0.079
S090,2,4,B02,Op_A,good,58.87,0.099,0.1,0.02,0.0,0.0,58.09,59.35,0.108,0.111,Pass,Pass,0,0,1.26,0.003
S091,2,4,B02,Op_A,borderline,53.21,0.143,0.1,0.02,0.0,0.0,53.04,53.31,0.159,0.145,Fail,Fail,0,0,0.27,-0.014
S092,2,4,B02,Op_A,good,59.65,0.125,0.1,0.02,0.0,0.0,60.0,58.69,0.133,0.165,Pass,Pass,0,0,-1.31,0.032
S093,2,4,B02,Op_A,failed,48.06,0.212,0.1,0.02,0.0,0.0,48.25,47.82,0.223,0.251,Fail,Fail,0,0,-0.43,0.028
S094,2,4,B02,Op_C,good,60.33,0.077,0.1,0.02,0.0,0.0,60.04,60.58,0.088,0.081,Pass,Pass,0,0,0.54,-0.007
S095,2,4,B02,Op_A,good,62.51,0.105,0.1,0.02,0.0,0.0,62.31,63.16,0.091,0.065,Pass,Pass,0,0,0.85,-0.026
S096,2,4,B02,Op_A,good,60.58,0.079,0.1,0.02,0.0,0.0,60.44,60.28,0.101,0.081,Pass,Pass,0,0,-0.16,-0.02
S097,3,1,B03,Op_A,borderline,54.03,0.199,0.0,0.0,0.0,0.0,53.8,55.45,0.192,0.219,Fail,Pass,1,0,1.65,0.027
S098,3,1,B03,Op_C,borderline,55.03,0.112,0.0,0.0,0.0,0.0,54.32,53.8,0.111,0.089,Pass,Fail,0,1,-0.52,-0.022
S099,3,1,B03,Op_A,good,61.93,0.093,0.0,0.0,0.0,0.0,62.2,61.56,0.088,0.093,Pass,Pass,0,0,-0.64,0.005
S100,3,1,B03,Op_A,good,61.86,0.063,0.0,0.0,0.0,0.0,62.3,61.81,0.07,0.043,Pass,Pass,0,0,-0.49,-0.027
S101,3,1,B03,Op_C,borderline,53.5,0.215,0.0,0.0,0.0,0.0,52.97,53.37,0.207,0.157,Fail,Fail,0,0,0.4,-0.05
S102,3,1,B03,Op_C,good,60.27,0.061,0.0,0.0,0.0,0.0,60.71,59.47,0.062,0.041,Pass,Pass,0,0,-1.24,-0.021
S103,3,1,B03,Op_C,failed,50.26,0.189,0.0,0.0,0.0,0.0,50.22,50.55,0.17,0.209,Fail,Fail,0,0,0.33,0.039
S104,3,1,B03,Op_A,borderline,55.31,0.113,0.0,0.0,0.0,0.0,55.74,55.55,0.13,0.042,Pass,Pass,0,0,-0.19,-0.088
S105,3,1,B03,Op_C,good,60.08,0.089,0.0,0.0,0.0,0.0,60.09,60.11,0.099,0.097,Pass,Pass,0,0,0.02,-0.002
S106,3,1,B03,Op_C,good,55.95,0.144,0.0,0.0,0.0,0.0,56.0,56.17,0.14,0.108,Pass,Pass,0,0,0.17,-0.032
S107,3,1,B03,Op_A,failed,49.98,0.212,0.0,0.0,0.0,0.0,50.11,49.7,0.205,0.23,Fail,Fail,0,0,-0.41,0.025
S108,3,1,B03,Op_C,good,59.8,0.15,0.0,0.0,0.0,0.0,59.52,58.75,0.16,0.171,Pass,Pass,0,0,-0.77,0.011
S109,3,2,B03,Op_A,good,57.35,0.074,0.25,-0.01,0.0,0.0,57.77,57.13,0.063,0.059,Pass,Pass,0,0,-0.64,-0.004
S110,3,2,B03,Op_B,failed,51.37,0.173,0.25,-0.01,0.0,0.0,50.98,51.72,0.175,0.158,Fail,Fail,0,0,0.74,-0.017
S111,3,2,B03,Op_C,failed,48.21,0.232,0.25,-0.01,0.0,0.0,48.07,48.57,0.249,0.198,Fail,Fail,0,0,0.5,-0.051
S112,3,2,B03,Op_B,failed,49.3,0.13,0.25,-0.01,0.0,0.0,49.48,49.58,0.118,0.08,Fail,Fail,0,0,0.1,-0.038
S113,3,2,B03,Op_A,borderline,55.84,0.141,0.25,-0.01,0.0,0.0,55.66,56.45,0.147,0.182,Pass,Pass,0,0,0.79,0.035
S114,3,2,B03,Op_C,good,58.17,0.114,0.25,-0.01,0.0,0.0,58.44,58.04,0.119,0.078,Pass,Pass,0,0,-0.4,-0.041
S115,3,2,B03,Op_A,good,60.36,0.11,0.25,-0.01,0.0,0.0,60.84,60.63,0.109,0.147,Pass,Pass,0,0,-0.21,0.038
S116,3,2,B03,Op_B,borderline,52.75,0.131,0.25,-0.01,0.0,0.0,53.1,53.37,0.123,0.095,Fail,Fail,0,0,0.27,-0.028
S117,3,2,B03,Op_A,borderline,56.58,0.083,0.25,-0.01,0.0,0.0,55.9,56.77,0.101,0.089,Pass,Pass,0,0,0.87,-0.012
S118,3,2,B03,Op_C,good,59.04,0.05,0.25,-0.01,0.0,0.0,59.08,58.48,0.041,0.01,Pass,Pass,0,0,-0.6,-0.031
S119,3,2,B03,Op_C,failed,50.64,0.199,0.25,-0.01,0.0,0.0,51.0,50.27,0.172,0.205,Fail,Fail,0,0,-0.73,0.033
S120,3,2,B03,Op_B,good,59.77,0.135,0.25,-0.01,0.0,0.0,59.31,60.56,0.145,0.115,Pass,Pass,0,0,1.25,-0.03
S121,3,3,B03,Op_A,good,60.41,0.106,-0.35,0.015,0.0,0.0,60.66,60.97,0.088,0.112,Pass,Pass,0,0,0.31,0.024
S122,3,3,B03,Op_C,good,57.22,0.105,-0.35,0.015,0.0,0.0,57.45,57.63,0.115,0.138,Pass,Pass,0,0,0.18,0.023
S123,3,3,B03,Op_B,good,59.49,0.055,-0.35,0.015,0.0,0.0,59.07,59.29,0.075,0.056,Pass,Pass,0,0,0.22,-0.019
S124,3,3,B03,Op_C,good,58.51,0.128,-0.35,0.015,0.0,0.0,58.8,57.38,0.137,0.1,Pass,Pass,0,0,-1.42,-0.037
S125,3,3,B03,Op_C,good,56.97,0.09,-0.35,0.015,0.0,0.0,57.07,56.62,0.106,0.128,Pass,Pass,0,0,-0.45,0.022
S126,3,3,B03,Op_A,good,60.98,0.071,-0.35,0.015,0.0,0.0,61.21,61.65,0.101,0.052,Pass,Pass,0,0,0.44,-0.049
S127,3,3,B03,Op_C,borderline,54.15,0.126,-0.35,0.015,0.0,0.0,53.81,54.2,0.141,0.156,Fail,Pass,1,0,0.39,0.015
S128,3,3,B03,Op_A,borderline,54.74,0.134,-0.35,0.015,0.0,0.0,54.79,54.26,0.139,0.178,Pass,Pass,0,0,-0.53,0.039
S129,3,3,B03,Op_C,borderline,54.68,0.117,-0.35,0.015,0.0,0.0,54.08,54.74,0.142,0.121,Pass,Pass,0,0,0.66,-0.021
S130,3,3,B03,Op_B,failed,50.0,0.176,-0.35,0.015,0.0,0.0,49.2,48.82,0.202,0.226,Fail,Fail,0,0,-0.38,0.024
S131,3,3,B03,Op_C,good,62.46,0.063,-0.35,0.015,0.0,0.0,62.51,61.66,0.09,0.092,Pass,Pass,0,0,-0.85,0.002
S132,3,3,B03,Op_A,good,59.43,0.125,-0.35,0.015,0.0,0.0,59.82,58.38,0.118,0.119,Pass,Pass,0,0,-1.44,0.001
S133,3,4,B03,Op_A,failed,48.16,0.22,0.1,0.02,0.0,0.0,48.25,48.57,0.2,0.282,Fail,Fail,0,0,0.32,0.082
S134,3,4,B03,Op_B,good,58.9,0.112,0.1,0.02,0.0,0.0,58.88,59.46,0.104,0.098,Pass,Pass,0,0,0.58,-0.006
S135,3,4,B03,Op_C,failed,51.25,0.18,0.1,0.02,0.0,0.0,51.18,51.25,0.191,0.189,Fail,Fail,0,0,0.07,-0.002
S136,3,4,B03,Op_C,good,60.3,0.161,0.1,0.02,0.0,0.0,59.97,59.83,0.163,0.175,Pass,Pass,0,0,-0.14,0.012
S137,3,4,B03,Op_B,failed,48.87,0.148,0.1,0.02,0.0,0.0,48.79,48.96,0.145,0.186,Fail,Fail,0,0,0.17,0.041
S138,3,4,B03,Op_C,good,60.89,0.056,0.1,0.02,0.0,0.0,61.04,60.67,0.064,0.109,Pass,Pass,0,0,-0.37,0.045
S139,3,4,B03,Op_C,failed,47.86,0.212,0.1,0.02,0.0,0.0,47.71,47.44,0.19,0.264,Fail,Fail,0,0,-0.27,0.074
S140,3,4,B03,Op_A,borderline,55.64,0.191,0.1,0.02,0.0,0.0,55.9,55.96,0.193,0.218,Pass,Pass,0,0,0.06,0.025
S141,3,4,B03,Op_C,failed,48.52,0.178,0.1,0.02,0.0,0.0,48.59,48.13,0.195,0.19,Fail,Fail,0,0,-0.46,-0.005
S142,3,4,B03,Op_C,good,59.16,0.158,0.1,0.02,0.0,0.0,59.27,58.24,0.166,0.123,Pass,Pass,0,0,-1.03,-0.043
S143,3,4,B03,Op_B,borderline,55.56,0.136,0.1,0.02,0.0,0.0,55.87,54.79,0.146,0.117,Pass,Pass,0,0,-1.08,-0.029
S144,3,4,B03,Op_B,failed,50.68,0.149,0.1,0.02,0.0,0.0,50.5,49.74,0.173,0.222,Fail,Fail,0,0,-0.76,0.049
S145,4,1,B04,Op_A,borderline,55.32,0.105,0.0,0.0,0.0,0.0,55.55,55.48,0.104,0.05,Pass,Pass,0,0,-0.07,-0.054
S146,4,1,B04,Op_C,borderline,55.12,0.155,0.0,0.0,0.0,0.0,54.98,55.22,0.145,0.131,Pass,Pass,0,0,0.24,-0.014
S147,4,1,B04,Op_C,borderline,55.79,0.104,0.0,0.0,0.0,0.0,55.91,55.86,0.122,0.138,Pass,Pass,0,0,-0.05,0.016
S148,4,1,B04,Op_C,good,61.09,0.094,0.0,0.0,0.0,0.0,60.86,61.47,0.112,0.1,Pass,Pass,0,0,0.61,-0.012
S149,4,1,B04,Op_A,borderline,54.05,0.192,0.0,0.0,0.0,0.0,53.73,54.82,0.2,0.22,Fail,Pass,1,0,1.09,0.02
S150,4,1,B04,Op_A,borderline,55.13,0.127,0.0,0.0,0.0,0.0,55.16,54.75,0.125,0.143,Pass,Pass,0,0,-0.41,0.018
S151,4,1,B04,Op_B,failed,48.21,0.228,0.0,0.0,0.0,0.0,47.55,48.47,0.228,0.272,Fail,Fail,0,0,0.92,0.044
S152,4,1,B04,Op_A,good,59.41,0.068,0.0,0.0,0.0,0.0,59.31,58.38,0.049,0.077,Pass,Pass,0,0,-0.93,0.028
S153,4,1,B04,Op_C,good,60.73,0.079,0.0,0.0,0.0,0.0,60.17,61.63,0.096,0.099,Pass,Pass,0,0,1.46,0.003
S154,4,1,B04,Op_C,failed,50.7,0.128,0.0,0.0,0.0,0.0,50.97,49.89,0.144,0.106,Fail,Fail,0,0,-1.08,-0.038
S155,4,1,B04,Op_A,failed,51.17,0.168,0.0,0.0,0.0,0.0,51.54,50.71,0.148,0.186,Fail,Fail,0,0,-0.83,0.038
S156,4,1,B04,Op_C,good,59.18,0.13,0.0,0.0,0.0,0.0,58.88,58.79,0.143,0.118,Pass,Pass,0,0,-0.09,-0.025
S157,4,2,B04,Op_C,borderline,55.63,0.135,0.25,-0.01,0.0,0.0,55.78,54.89,0.141,0.111,Pass,Pass,0,0,-0.89,-0.03
S158,4,2,B04,Op_A,good,59.38,0.141,0.25,-0.01,0.0,0.0,59.69,59.65,0.126,0.158,Pass,Pass,0,0,-0.04,0.032
S159,4,2,B04,Op_A,good,58.8,0.087,0.25,-0.01,0.0,0.0,59.12,59.19,0.069,0.104,Pass,Pass,0,0,0.07,0.035
S160,4,2,B04,Op_C,good,60.83,0.101,0.25,-0.01,0.0,0.0,60.91,60.96,0.107,0.142,Pass,Pass,0,0,0.05,0.035
S161,4,2,B04,Op_C,good,57.39,0.104,0.25,-0.01,0.0,0.0,57.65,56.64,0.098,0.143,Pass,Pass,0,0,-1.01,0.045
S162,4,2,B04,Op_C,borderline,55.0,0.148,0.25,-0.01,0.0,0.0,54.77,56.54,0.175,0.166,Pass,Pass,0,0,1.77,-0.009
S163,4,2,B04,Op_B,good,57.94,0.131,0.25,-0.01,0.0,0.0,57.97,58.55,0.145,0.069,Pass,Pass,0,0,0.58,-0.076
S164,4,2,B04,Op_B,failed,52.42,0.174,0.25,-0.01,0.0,0.0,52.26,54.38,0.181,0.219,Fail,Pass,1,0,2.12,0.038
S165,4,2,B04,Op_B,failed,50.11,0.142,0.25,-0.01,0.0,0.0,49.85,49.84,0.15,0.16,Fail,Fail,0,0,-0.01,0.01
S166,4,2,B04,Op_A,borderline,54.63,0.114,0.25,-0.01,0.0,0.0,54.64,55.5,0.134,0.081,Pass,Pass,0,0,0.86,-0.053
S167,4,2,B04,Op_B,borderline,54.91,0.117,0.25,-0.01,0.0,0.0,55.03,55.67,0.13,0.129,Pass,Pass,0,0,0.64,-0.001
S168,4,2,B04,Op_A,good,56.61,0.118,0.25,-0.01,0.0,0.0,57.02,56.67,0.125,0.077,Pass,Pass,0,0,-0.35,-0.048
S169,4,3,B04,Op_A,failed,49.52,0.181,-0.35,0.015,0.0,0.0,49.61,50.09,0.166,0.215,Fail,Fail,0,0,0.48,0.049
S170,4,3,B04,Op_B,borderline,55.54,0.155,-0.35,0.015,0.0,0.0,55.76,54.93,0.201,0.131,Pass,Pass,0,0,-0.83,-0.07
S171,4,3,B04,Op_B,good,60.8,0.069,-0.35,0.015,0.0,0.0,61.03,60.22,0.052,0.06,Pass,Pass,0,0,-0.81,0.008
S172,4,3,B04,Op_B,failed,50.92,0.12,-0.35,0.015,0.0,0.0,51.86,48.31,0.115,0.156,Fail,Fail,0,0,-3.55,0.041
S173,4,3,B04,Op_C,failed,48.48,0.251,-0.35,0.015,0.0,0.0,47.85,48.4,0.226,0.298,Fail,Fail,0,0,0.55,0.072
S174,4,3,B04,Op_B,failed,51.38,0.131,-0.35,0.015,0.0,0.0,51.14,50.17,0.139,0.156,Fail,Fail,0,0,-0.97,0.017
S175,4,3,B04,Op_C,borderline,55.21,0.161,-0.35,0.015,0.0,0.0,55.73,54.5,0.163,0.167,Pass,Pass,0,0,-1.23,0.004
S176,4,3,B04,Op_A,borderline,54.55,0.142,-0.35,0.015,0.0,0.0,54.43,53.53,0.153,0.094,Pass,Fail,0,1,-0.9,-0.059
S177,4,3,B04,Op_C,good,61.33,0.098,-0.35,0.015,0.0,0.0,61.64,60.74,0.072,0.107,Pass,Pass,0,0,-0.9,0.035
S178,4,3,B04,Op_B,failed,49.47,0.179,-0.35,0.015,0.0,0.0,49.55,49.41,0.196,0.21,Fail,Fail,0,0,-0.14,0.014
S179,4,3,B04,Op_A,failed,49.74,0.165,-0.35,0.015,0.0,0.0,50.48,49.4,0.153,0.17,Fail,Fail,0,0,-1.08,0.017
S180,4,3,B04,Op_A,good,55.77,0.146,-0.35,0.015,0.0,0.0,55.38,55.88,0.144,0.16,Pass,Pass,0,0,0.5,0.016
S181,4,4,B04,Op_A,good,60.88,0.08,0.1,0.02,0.0,0.0,61.31,61.8,0.094,0.094,Pass,Pass,0,0,0.49,0.0
S182,4,4,B04,Op_C,good,59.97,0.135,0.1,0.02,0.0,0.0,60.58,59.83,0.139,0.145,Pass,Pass,0,0,-0.75,0.006
S183,4,4,B04,Op_B,failed,47.98,0.207,0.1,0.02,0.0,0.0,47.62,47.77,0.212,0.229,Fail,Fail,0,0,0.15,0.017
S184,4,4,B04,Op_A,failed,47.86,0.209,0.1,0.02,0.0,0.0,48.13,48.58,0.221,0.221,Fail,Fail,0,0,0.45,0.0
S185,4,4,B04,Op_A,good,58.19,0.098,0.1,0.02,0.0,0.0,57.85,58.96,0.104,0.161,Pass,Pass,0,0,1.11,0.057
S186,4,4,B04,Op_A,borderline,55.29,0.128,0.1,0.02,0.0,0.0,55.3,55.87,0.123,0.082,Pass,Pass,0,0,0.57,-0.041
S187,4,4,B04,Op_C,good,59.05,0.071,0.1,0.02,0.0,0.0,58.96,58.53,0.069,0.075,Pass,Pass,0,0,-0.43,0.006
S188,4,4,B04,Op_C,failed,49.29,0.17,0.1,0.02,0.0,0.0,48.45,49.66,0.173,0.164,Fail,Fail,0,0,1.21,-0.009
S189,4,4,B04,Op_B,failed,48.99,0.151,0.1,0.02,0.0,0.0,49.14,49.16,0.138,0.178,Fail,Fail,0,0,0.02,0.04
S190,4,4,B04,Op_C,failed,48.92,0.222,0.1,0.02,0.0,0.0,48.97,49.7,0.237,0.244,Fail,Fail,0,0,0.73,0.007
S191,4,4,B04,Op_A,good,56.6,0.127,0.1,0.02,0.0,0.0,57.12,56.33,0.131,0.196,Pass,Pass,0,0,-0.79,0.065
S192,4,4,B04,Op_B,good,57.69,0.122,0.1,0.02,0.0,0.0,57.9,56.71,0.123,0.201,Pass,Pass,0,0,-1.19,0.078
S193,5,1,B05,Op_A,good,57.89,0.109,0.0,0.0,0.0,0.0,58.69,58.34,0.127,0.086,Pass,Pass,0,0,-0.35,-0.041
S194,5,1,B05,Op_A,good,60.52,0.102,0.0,0.0,0.0,0.0,60.56,58.86,0.1,0.102,Pass,Pass,0,0,-1.7,0.002
S195,5,1,B05,Op_C,failed,50.25,0.247,0.0,0.0,0.0,0.0,50.21,49.77,0.244,0.253,Fail,Fail,0,0,-0.44,0.009
S196,5,1,B05,Op_B,failed,49.26,0.172,0.0,0.0,0.0,0.0,49.2,48.59,0.165,0.148,Fail,Fail,0,0,-0.61,-0.017
S197,5,1,B05,Op_C,failed,53.96,0.126,0.0,0.0,0.0,0.0,53.81,53.29,0.131,0.145,Fail,Fail,0,0,-0.52,0.014
S198,5,1,B05,Op_C,failed,49.5,0.195,0.0,0.0,0.0,0.0,48.73,49.01,0.2,0.188,Fail,Fail,0,0,0.28,-0.012
S199,5,1,B05,Op_B,borderline,55.67,0.057,0.0,0.0,0.0,0.0,55.59,56.46,0.047,0.025,Pass,Pass,0,0,0.87,-0.022
S200,5,1,B05,Op_A,borderline,56.12,0.131,0.0,0.0,0.0,0.0,55.4,56.65,0.128,0.123,Pass,Pass,0,0,1.25,-0.005
S201,5,1,B05,Op_A,failed,48.15,0.178,0.0,0.0,0.0,0.0,48.31,47.99,0.168,0.148,Fail,Fail,0,0,-0.32,-0.02
S202,5,1,B05,Op_B,failed,50.61,0.141,0.0,0.0,0.0,0.0,50.18,51.35,0.13,0.172,Fail,Fail,0,0,1.17,0.042
S203,5,1,B05,Op_A,good,58.72,0.125,0.0,0.0,0.0,0.0,58.41,58.03,0.099,0.182,Pass,Pass,0,0,-0.38,0.083
S204,5,1,B05,Op_B,good,58.6,0.112,0.0,0.0,0.0,0.0,58.37,57.82,0.109,0.119,Pass,Pass,0,0,-0.55,0.01
S205,5,2,B05,Op_B,good,60.33,0.05,0.25,-0.01,0.0,0.0,60.26,61.14,0.024,0.043,Pass,Pass,0,0,0.88,0.019
S206,5,2,B05,Op_C,failed,49.57,0.159,0.25,-0.01,0.0,0.0,49.57,50.2,0.152,0.154,Fail,Fail,0,0,0.63,0.002
S207,5,2,B05,Op_B,borderline,54.0,0.058,0.25,-0.01,0.0,0.0,54.38,53.95,0.049,0.083,Pass,Fail,0,1,-0.43,0.034
S208,5,2,B05,Op_C,good,59.25,0.114,0.25,-0.01,0.0,0.0,59.05,58.76,0.13,0.139,Pass,Pass,0,0,-0.29,0.009
S209,5,2,B05,Op_A,borderline,54.13,0.153,0.25,-0.01,0.0,0.0,54.3,55.33,0.138,0.14,Pass,Pass,0,0,1.03,0.002
S210,5,2,B05,Op_A,borderline,53.33,0.126,0.25,-0.01,0.0,0.0,54.29,52.46,0.115,0.124,Pass,Fail,0,1,-1.83,0.009
S211,5,2,B05,Op_A,good,60.69,0.111,0.25,-0.01,0.0,0.0,60.82,60.55,0.105,0.121,Pass,Pass,0,0,-0.27,0.016
S212,5,2,B05,Op_A,good,61.07,0.054,0.25,-0.01,0.0,0.0,61.01,61.47,0.045,0.01,Pass,Pass,0,0,0.46,-0.035
S213,5,2,B05,Op_C,borderline,54.84,0.11,0.25,-0.01,0.0,0.0,54.57,56.26,0.131,0.136,Pass,Pass,0,0,1.69,0.005
S214,5,2,B05,Op_A,borderline,54.12,0.157,0.25,-0.01,0.0,0.0,54.05,54.62,0.14,0.199,Pass,Pass,0,0,0.57,0.059
S215,5,2,B05,Op_B,borderline,53.79,0.126,0.25,-0.01,0.0,0.0,53.48,54.35,0.12,0.151,Fail,Pass,1,0,0.87,0.031
S216,5,2,B05,Op_B,borderline,53.8,0.145,0.25,-0.01,0.0,0.0,53.89,53.68,0.15,0.098,Fail,Fail,0,0,-0.21,-0.052
S217,5,3,B05,Op_B,failed,54.04,0.128,-0.35,0.015,0.0,0.0,54.08,54.06,0.141,0.084,Pass,Pass,0,0,-0.02,-0.057
S218,5,3,B05,Op_C,borderline,55.44,0.122,-0.35,0.015,0.0,0.0,54.68,55.16,0.116,0.158,Pass,Pass,0,0,0.48,0.042
S219,5,3,B05,Op_A,borderline,53.66,0.137,-0.35,0.015,0.0,0.0,53.65,52.28,0.108,0.129,Fail,Fail,0,0,-1.37,0.021
S220,5,3,B05,Op_A,failed,50.75,0.148,-0.35,0.015,0.0,0.0,51.13,50.92,0.146,0.172,Fail,Fail,0,0,-0.21,0.026
S221,5,3,B05,Op_A,good,58.96,0.117,-0.35,0.015,0.0,0.0,58.82,59.24,0.137,0.178,Pass,Pass,0,0,0.42,0.041
S222,5,3,B05,Op_C,good,60.38,0.078,-0.35,0.015,0.0,0.0,60.15,60.55,0.082,0.073,Pass,Pass,0,0,0.4,-0.009
S223,5,3,B05,Op_B,good,60.32,0.098,-0.35,0.015,0.0,0.0,59.84,59.99,0.102,0.102,Pass,Pass,0,0,0.15,0.0
S224,5,3,B05,Op_B,borderline,55.58,0.111,-0.35,0.015,0.0,0.0,54.93,54.61,0.095,0.134,Pass,Pass,0,0,-0.32,0.039
S225,5,3,B05,Op_A,borderline,53.65,0.102,-0.35,0.015,0.0,0.0,53.94,51.8,0.085,0.078,Fail,Fail,0,0,-2.14,-0.007
S226,5,3,B05,Op_B,borderline,54.6,0.168,-0.35,0.015,0.0,0.0,54.54,54.35,0.168,0.16,Pass,Pass,0,0,-0.19,-0.008
S227,5,3,B05,Op_B,good,56.88,0.138,-0.35,0.015,0.0,0.0,57.15,57.23,0.117,0.154,Pass,Pass,0,0,0.08,0.037
S228,5,3,B05,Op_C,good,57.61,0.187,-0.35,0.015,0.0,0.0,58.15,57.91,0.199,0.193,Pass,Pass,0,0,-0.24,-0.006
S229,5,4,B05,Op_C,good,60.83,0.062,0.1,0.02,0.0,0.0,61.15,61.46,0.049,0.1,Pass,Pass,0,0,0.31,0.051
S230,5,4,B05,Op_C,good,58.07,0.108,0.1,0.02,0.0,0.0,57.88,58.12,0.108,0.211,Pass,Pass,0,0,0.24,0.103
S231,5,4,B05,Op_C,borderline,53.66,0.144,0.1,0.02,0.0,0.0,53.71,54.47,0.116,0.167,Fail,Pass,1,0,0.76,0.051
S232,5,4,B05,Op_A,good,59.49,0.134,0.1,0.02,0.0,0.0,59.27,60.19,0.128,0.129,Pass,Pass,0,0,0.92,0.001
S233,5,4,B05,Op_C,good,60.54,0.081,0.1,0.02,0.0,0.0,60.29,60.37,0.063,0.144,Pass,Pass,0,0,0.08,0.081
S234,5,4,B05,Op_B,failed,48.91,0.148,0.1,0.02,0.0,0.0,49.03,49.45,0.113,0.12,Fail,Fail,0,0,0.42,0.007
S235,5,4,B05,Op_A,good,54.28,0.179,0.1,0.02,0.0,0.0,53.99,54.03,0.187,0.157,Fail,Pass,1,0,0.04,-0.03
S236,5,4,B05,Op_B,borderline,53.63,0.138,0.1,0.02,0.0,0.0,52.86,54.08,0.163,0.14,Fail,Pass,1,0,1.22,-0.023
S237,5,4,B05,Op_B,borderline,55.71,0.159,0.1,0.02,0.0,0.0,55.4,54.97,0.176,0.171,Pass,Pass,0,0,-0.43,-0.005
S238,5,4,B05,Op_B,good,60.01,0.123,0.1,0.02,0.0,0.0,59.9,59.32,0.133,0.124,Pass,Pass,0,0,-0.58,-0.009
S239,5,4,B05,Op_C,borderline,55.82,0.13,0.1,0.02,0.0,0.0,56.35,56.61,0.124,0.149,Pass,Pass,0,0,0.26,0.025
S240,5,4,B05,Op_C,failed,48.8,0.179,0.1,0.02,0.0,0.0,48.63,49.51,0.191,0.207,Fail,Fail,0,0,0.88,0.016
S241,6,1,B06,Op_A,failed,48.04,0.178,0.0,0.0,0.0,0.0,48.22,48.45,0.196,0.21,Fail,Fail,0,0,0.23,0.014
S242,6,1,B06,Op_A,good,60.19,0.098,0.0,0.0,0.0,0.0,60.13,60.25,0.1,0.101,Pass,Pass,0,0,0.12,0.001
S243,6,1,B06,Op_C,failed,50.86,0.194,0.0,0.0,0.0,0.0,51.29,49.31,0.176,0.177,Fail,Fail,0,0,-1.98,0.001
S244,6,1,B06,Op_B,good,59.96,0.076,0.0,0.0,0.0,0.0,60.36,59.91,0.069,0.106,Pass,Pass,0,0,-0.45,0.037
S245,6,1,B06,Op_A,good,60.9,0.097,0.0,0.0,0.0,0.0,61.31,61.2,0.123,0.072,Pass,Pass,0,0,-0.11,-0.051
S246,6,1,B06,Op_C,good,60.13,0.065,0.0,0.0,0.0,0.0,59.52,59.78,0.064,0.016,Pass,Pass,0,0,0.26,-0.048
S247,6,1,B06,Op_C,failed,51.11,0.137,0.0,0.0,0.0,0.0,51.18,50.65,0.087,0.173,Fail,Fail,0,0,-0.53,0.086
S248,6,1,B06,Op_C,good,60.57,0.095,0.0,0.0,0.0,0.0,60.84,61.51,0.073,0.129,Pass,Pass,0,0,0.67,0.056
S249,6,1,B06,Op_B,good,60.25,0.05,0.0,0.0,0.0,0.0,60.38,60.21,0.044,0.026,Pass,Pass,0,0,-0.17,-0.018
S250,6,1,B06,Op_C,borderline,55.36,0.197,0.0,0.0,0.0,0.0,55.58,55.66,0.213,0.185,Pass,Pass,0,0,0.08,-0.028
S251,6,1,B06,Op_C,good,61.01,0.057,0.0,0.0,0.0,0.0,61.03,61.51,0.053,0.029,Pass,Pass,0,0,0.48,-0.024
S252,6,1,B06,Op_C,good,61.8,0.085,0.0,0.0,0.0,0.0,61.54,61.15,0.101,0.095,Pass,Pass,0,0,-0.39,-0.006
S253,6,2,B06,Op_C,good,58.53,0.146,0.25,-0.01,0.0,0.0,57.94,58.91,0.138,0.188,Pass,Pass,0,0,0.97,0.05
S254,6,2,B06,Op_A,good,60.22,0.072,0.25,-0.01,0.0,0.0,59.99,61.33,0.043,0.083,Pass,Pass,0,0,1.34,0.04
S255,6,2,B06,Op_A,good,58.94,0.05,0.25,-0.01,0.0,0.0,59.88,60.37,0.043,0.071,Pass,Pass,0,0,0.49,0.028
S256,6,2,B06,Op_C,good,58.25,0.1,0.25,-0.01,0.0,0.0,58.08,58.53,0.105,0.115,Pass,Pass,0,0,0.45,0.01
S257,6,2,B06,Op_B,borderline,53.81,0.12,0.25,-0.01,0.0,0.0,53.12,53.91,0.124,0.11,Fail,Fail,0,0,0.79,-0.014
S258,6,2,B06,Op_A,good,60.24,0.05,0.25,-0.01,0.0,0.0,60.5,60.66,0.031,0.073,Pass,Pass,0,0,0.16,0.042
S259,6,2,B06,Op_C,good,60.13,0.108,0.25,-0.01,0.0,0.0,60.43,60.54,0.103,0.12,Pass,Pass,0,0,0.11,0.017
S260,6,2,B06,Op_A,failed,51.1,0.173,0.25,-0.01,0.0,0.0,51.55,52.25,0.213,0.206,Fail,Fail,0,0,0.7,-0.007
S261,6,2,B06,Op_A,good,59.16,0.141,0.25,-0.01,0.0,0.0,59.32,58.76,0.123,0.117,Pass,Pass,0,0,-0.56,-0.006
S262,6,2,B06,Op_B,borderline,54.5,0.108,0.25,-0.01,0.0,0.0,54.8,54.57,0.118,0.046,Pass,Pass,0,0,-0.23,-0.072
S263,6,2,B06,Op_C,good,60.73,0.05,0.25,-0.01,0.0,0.0,61.37,60.25,0.019,0.071,Pass,Pass,0,0,-1.12,0.052
S264,6,2,B06,Op_C,good,57.27,0.108,0.25,-0.01,0.0,0.0,57.01,56.86,0.121,0.108,Pass,Pass,0,0,-0.15,-0.013
S265,6,3,B06,Op_B,good,59.54,0.101,-0.35,0.015,0.0,0.0,59.21,59.43,0.088,0.107,Pass,Pass,0,0,0.22,0.019
S266,6,3,B06,Op_B,good,59.63,0.13,-0.35,0.015,0.0,0.0,59.25,59.81,0.136,0.138,Pass,Pass,0,0,0.56,0.002
S267,6,3,B06,Op_C,good,60.63,0.138,-0.35,0.015,0.0,0.0,60.54,59.86,0.119,0.23,Pass,Pass,0,0,-0.68,0.111
S268,6,3,B06,Op_C,good,57.47,0.155,-0.35,0.015,0.0,0.0,57.97,57.62,0.159,0.151,Pass,Pass,0,0,-0.35,-0.008
S269,6,3,B06,Op_B,good,61.74,0.095,-0.35,0.015,0.0,0.0,61.92,62.11,0.081,0.084,Pass,Pass,0,0,0.19,0.003
S270,6,3,B06,Op_A,good,59.82,0.125,-0.35,0.015,0.0,0.0,59.99,60.73,0.114,0.143,Pass,Pass,0,0,0.74,0.029
S271,6,3,B06,Op_A,good,59.9,0.082,-0.35,0.015,0.0,0.0,59.26,59.6,0.089,0.132,Pass,Pass,0,0,0.34,0.043
S272,6,3,B06,Op_B,good,58.9,0.113,-0.35,0.015,0.0,0.0,58.66,58.13,0.107,0.196,Pass,Pass,0,0,-0.53,0.089
S273,6,3,B06,Op_A,good,60.31,0.062,-0.35,0.015,0.0,0.0,59.67,59.31,0.068,0.097,Pass,Pass,0,0,-0.36,0.029
S274,6,3,B06,Op_B,borderline,54.55,0.143,-0.35,0.015,0.0,0.0,54.96,53.48,0.14,0.12,Pass,Fail,0,1,-1.48,-0.02
S275,6,3,B06,Op_A,borderline,55.71,0.135,-0.35,0.015,0.0,0.0,56.26,56.17,0.136,0.209,Pass,Pass,0,0,-0.09,0.073
S276,6,3,B06,Op_A,good,57.34,0.172,-0.35,0.015,0.0,0.0,57.61,56.01,0.179,0.186,Pass,Pass,0,0,-1.6,0.007
S277,6,4,B06,Op_C,borderline,54.68,0.133,0.1,0.02,0.0,0.0,54.33,55.57,0.128,0.128,Pass,Pass,0,0,1.24,0.0
S278,6,4,B06,Op_C,borderline,54.91,0.141,0.1,0.02,0.0,0.0,55.43,54.45,0.126,0.129,Pass,Pass,0,0,-0.98,0.003
S279,6,4,B06,Op_A,good,59.22,0.113,0.1,0.02,0.0,0.0,59.13,58.87,0.105,0.158,Pass,Pass,0,0,-0.26,0.053
S280,6,4,B06,Op_A,failed,49.89,0.162,0.1,0.02,0.0,0.0,49.46,49.89,0.18,0.189,Fail,Fail,0,0,0.43,0.009
S281,6,4,B06,Op_C,failed,49.96,0.151,0.1,0.02,0.0,0.0,49.62,49.6,0.153,0.181,Fail,Fail,0,0,-0.02,0.028
S282,6,4,B06,Op_C,good,59.76,0.141,0.1,0.02,0.0,0.0,59.61,60.47,0.128,0.2,Pass,Pass,0,0,0.86,0.072
S283,6,4,B06,Op_C,good,56.79,0.095,0.1,0.02,0.0,0.0,56.81,58.07,0.101,0.091,Pass,Pass,0,0,1.26,-0.01
S284,6,4,B06,Op_B,failed,51.95,0.121,0.1,0.02,0.0,0.0,51.89,51.62,0.128,0.182,Fail,Fail,0,0,-0.27,0.054
S285,6,4,B06,Op_A,borderline,54.02,0.165,0.1,0.02,0.0,0.0,53.53,53.84,0.173,0.169,Fail,Fail,0,0,0.31,-0.004
S286,6,4,B06,Op_C,good,59.69,0.137,0.1,0.02,0.0,0.0,60.11,59.68,0.122,0.222,Pass,Pass,0,0,-0.43,0.1
S287,6,4,B06,Op_A,good,60.05,0.086,0.1,0.02,0.0,0.0,60.0,60.5,0.076,0.124,Pass,Pass,0,0,0.5,0.048
S288,6,4,B06,Op_B,good,58.71,0.097,0.1,0.02,0.0,0.0,58.46,58.71,0.087,0.089,Pass,Pass,0,0,0.25,0.002
S289,7,1,B07,Op_B,good,59.3,0.114,0.0,0.0,0.0,0.0,59.69,60.2,0.109,0.053,Pass,Pass,0,0,0.51,-0.056
S290,7,1,B07,Op_C,borderline,52.46,0.135,0.0,0.0,0.0,0.0,52.05,53.21,0.143,0.159,Fail,Fail,0,0,1.16,0.016
S291,7,1,B07,Op_B,good,60.6,0.072,0.0,0.0,0.0,0.0,60.03,59.83,0.076,0.061,Pass,Pass,0,0,-0.2,-0.015
S292,7,1,B07,Op_A,good,61.12,0.118,0.0,0.0,0.0,0.0,61.57,61.46,0.124,0.113,Pass,Pass,0,0,-0.11,-0.011
S293,7,1,B07,Op_C,borderline,52.8,0.172,0.0,0.0,0.0,0.0,53.46,53.79,0.192,0.195,Fail,Fail,0,0,0.33,0.003
S294,7,1,B07,Op_A,good,58.89,0.148,0.0,0.0,0.0,0.0,58.73,58.57,0.158,0.178,Pass,Pass,0,0,-0.16,0.02
S295,7,1,B07,Op_A,good,57.66,0.08,0.0,0.0,0.0,0.0,57.64,57.47,0.078,0.117,Pass,Pass,0,0,-0.17,0.039
S296,7,1,B07,Op_B,borderline,54.32,0.128,0.0,0.0,0.0,0.0,53.92,53.98,0.11,0.093,Fail,Fail,0,0,0.06,-0.017
S297,7,1,B07,Op_B,failed,51.47,0.172,0.0,0.0,0.0,0.0,51.47,51.14,0.161,0.215,Fail,Fail,0,0,-0.33,0.054
S298,7,1,B07,Op_B,borderline,55.49,0.106,0.0,0.0,0.0,0.0,55.32,54.41,0.102,0.089,Pass,Pass,0,0,-0.91,-0.013
S299,7,1,B07,Op_B,borderline,55.62,0.152,0.0,0.0,0.0,0.0,55.58,54.76,0.164,0.084,Pass,Pass,0,0,-0.82,-0.08
S300,7,1,B07,Op_B,good,61.47,0.126,0.0,0.0,0.0,0.0,61.61,61.52,0.126,0.091,Pass,Pass,0,0,-0.09,-0.035
S301,7,2,B07,Op_C,good,59.17,0.089,0.25,-0.01,0.0,0.0,58.79,60.4,0.079,0.086,Pass,Pass,0,0,1.61,0.007
S302,7,2,B07,Op_A,borderline,53.35,0.151,0.25,-0.01,0.0,0.0,53.22,53.2,0.14,0.112,Fail,Fail,0,0,-0.02,-0.028
S303,7,2,B07,Op_A,good,59.33,0.149,0.25,-0.01,0.0,0.0,58.7,59.16,0.148,0.136,Pass,Pass,0,0,0.46,-0.012
S304,7,2,B07,Op_A,good,60.45,0.151,0.25,-0.01,0.0,0.0,60.33,61.81,0.164,0.151,Pass,Pass,0,0,1.48,-0.013
S305,7,2,B07,Op_A,good,57.66,0.14,0.25,-0.01,0.0,0.0,57.63,57.19,0.164,0.125,Pass,Pass,0,0,-0.44,-0.039
S306,7,2,B07,Op_B,good,61.99,0.103,0.25,-0.01,0.0,0.0,62.07,61.16,0.1,0.078,Pass,Pass,0,0,-0.91,-0.022
S307,7,2,B07,Op_A,good,60.85,0.068,0.25,-0.01,0.0,0.0,60.93,60.56,0.067,0.02,Pass,Pass,0,0,-0.37,-0.047
S308,7,2,B07,Op_C,good,59.19,0.117,0.25,-0.01,0.0,0.0,59.51,59.01,0.099,0.108,Pass,Pass,0,0,-0.5,0.009
S309,7,2,B07,Op_C,good,58.43,0.128,0.25,-0.01,0.0,0.0,57.89,57.54,0.157,0.056,Pass,Pass,0,0,-0.35,-0.101
S310,7,2,B07,Op_A,good,58.5,0.105,0.25,-0.01,0.0,0.0,57.98,58.67,0.084,0.074,Pass,Pass,0,0,0.69,-0.01
S311,7,2,B07,Op_A,failed,50.61,0.153,0.25,-0.01,0.0,0.0,50.8,51.48,0.171,0.115,Fail,Fail,0,0,0.68,-0.056
S312,7,2,B07,Op_C,borderline,54.27,0.105,0.25,-0.01,0.0,0.0,53.56,53.68,0.1,0.088,Fail,Fail,0,0,0.12,-0.012
S313,7,3,B07,Op_C,borderline,55.45,0.082,-0.35,0.015,0.0,0.0,55.51,55.16,0.073,0.091,Pass,Pass,0,0,-0.35,0.018
S314,7,3,B07,Op_B,borderline,54.16,0.085,-0.35,0.015,0.0,0.0,53.75,54.07,0.068,0.129,Fail,Pass,1,0,0.32,0.061
S315,7,3,B07,Op_C,good,60.26,0.115,-0.35,0.015,0.0,0.0,60.81,59.86,0.151,0.178,Pass,Pass,0,0,-0.95,0.027
S316,7,3,B07,Op_B,good,59.46,0.108,-0.35,0.015,0.0,0.0,59.55,59.23,0.111,0.089,Pass,Pass,0,0,-0.32,-0.022
S317,7,3,B07,Op_B,borderline,54.77,0.125,-0.35,0.015,0.0,0.0,54.69,54.55,0.125,0.2,Pass,Pass,0,0,-0.14,0.075
S318,7,3,B07,Op_B,borderline,54.27,0.133,-0.35,0.015,0.0,0.0,54.7,53.39,0.146,0.125,Pass,Fail,0,1,-1.31,-0.021
S319,7,3,B07,Op_B,borderline,55.21,0.142,-0.35,0.015,0.0,0.0,54.84,55.83,0.132,0.162,Pass,Pass,0,0,0.99,0.03
S320,7,3,B07,Op_B,good,60.58,0.091,-0.35,0.015,0.0,0.0,60.27,61.04,0.091,0.121,Pass,Pass,0,0,0.77,0.03
S321,7,3,B07,Op_A,good,60.19,0.058,-0.35,0.015,0.0,0.0,59.75,60.61,0.059,0.146,Pass,Pass,0,0,0.86,0.087
S322,7,3,B07,Op_C,good,60.41,0.124,-0.35,0.015,0.0,0.0,60.11,60.72,0.116,0.123,Pass,Pass,0,0,0.61,0.007
S323,7,3,B07,Op_B,good,58.08,0.124,-0.35,0.015,0.0,0.0,58.1,56.71,0.142,0.085,Pass,Pass,0,0,-1.39,-0.057
S324,7,3,B07,Op_C,borderline,54.82,0.147,-0.35,0.015,0.0,0.0,54.99,55.07,0.144,0.207,Pass,Pass,0,0,0.08,0.063
S325,7,4,B07,Op_C,borderline,55.75,0.157,0.1,0.02,0.0,0.0,56.09,56.28,0.134,0.152,Pass,Pass,0,0,0.19,0.018
S326,7,4,B07,Op_B,good,60.24,0.074,0.1,0.02,0.0,0.0,59.6,59.34,0.069,0.083,Pass,Pass,0,0,-0.26,0.014
S327,7,4,B07,Op_A,failed,48.95,0.219,0.1,0.02,0.0,0.0,48.89,48.91,0.223,0.205,Fail,Fail,0,0,0.02,-0.018
S328,7,4,B07,Op_B,borderline,54.45,0.137,0.1,0.02,0.0,0.0,54.06,54.73,0.124,0.146,Pass,Pass,0,0,0.67,0.022
S329,7,4,B07,Op_A,good,60.06,0.126,0.1,0.02,0.0,0.0,59.99,61.24,0.114,0.121,Pass,Pass,0,0,1.25,0.007
S330,7,4,B07,Op_C,good,58.36,0.134,0.1,0.02,0.0,0.0,59.18,58.93,0.126,0.174,Pass,Pass,0,0,-0.25,0.048
S331,7,4,B07,Op_A,good,57.46,0.088,0.1,0.02,0.0,0.0,57.56,57.0,0.106,0.11,Pass,Pass,0,0,-0.56,0.004
S332,7,4,B07,Op_A,good,59.03,0.122,0.1,0.02,0.0,0.0,59.34,60.23,0.115,0.122,Pass,Pass,0,0,0.89,0.007
S333,7,4,B07,Op_A,good,58.39,0.122,0.1,0.02,0.0,0.0,59.08,58.52,0.143,0.172,Pass,Pass,0,0,-0.56,0.029
S334,7,4,B07,Op_C,good,59.48,0.105,0.1,0.02,0.0,0.0,59.87,59.41,0.096,0.133,Pass,Pass,0,0,-0.46,0.037
S335,7,4,B07,Op_C,good,57.11,0.119,0.1,0.02,0.0,0.0,56.95,57.0,0.124,0.084,Pass,Pass,0,0,0.05,-0.04
S336,7,4,B07,Op_A,good,60.35,0.095,0.1,0.02,0.0,0.0,59.9,59.39,0.088,0.143,Pass,Pass,0,0,-0.51,0.055
S337,8,1,B08,Op_A,failed,49.55,0.203,0.0,0.0,-0.25,0.01,49.54,49.23,0.214,0.219,Fail,Fail,0,0,-0.31,0.005
S338,8,1,B08,Op_B,good,60.99,0.11,0.0,0.0,-0.25,0.01,60.79,61.06,0.093,0.162,Pass,Pass,0,0,0.27,0.069
S339,8,1,B08,Op_A,borderline,54.22,0.144,0.0,0.0,-0.25,0.01,53.69,53.72,0.155,0.158,Fail,Fail,0,0,0.03,0.003
S340,8,1,B08,Op_B,good,59.46,0.059,0.0,0.0,-0.25,0.01,59.54,59.48,0.061,0.045,Pass,Pass,0,0,-0.06,-0.016
S341,8,1,B08,Op_A,failed,50.24,0.188,0.0,0.0,-0.25,0.01,50.33,49.43,0.178,0.192,Fail,Fail,0,0,-0.9,0.014
S342,8,1,B08,Op_B,good,58.47,0.133,0.0,0.0,-0.25,0.01,59.09,58.13,0.131,0.167,Pass,Pass,0,0,-0.96,0.036
S343,8,1,B08,Op_C,good,63.21,0.145,0.0,0.0,-0.25,0.01,63.08,63.17,0.168,0.132,Pass,Pass,0,0,0.09,-0.036
S344,8,1,B08,Op_A,failed,49.76,0.209,0.0,0.0,-0.25,0.01,49.86,49.63,0.211,0.206,Fail,Fail,0,0,-0.23,-0.005
S345,8,1,B08,Op_A,failed,52.04,0.103,0.0,0.0,-0.25,0.01,51.81,50.75,0.092,0.106,Fail,Fail,0,0,-1.06,0.014
S346,8,1,B08,Op_A,failed,48.86,0.186,0.0,0.0,-0.25,0.01,49.17,48.32,0.168,0.162,Fail,Fail,0,0,-0.85,-0.006
S347,8,1,B08,Op_A,good,60.06,0.154,0.0,0.0,-0.25,0.01,60.02,60.9,0.162,0.141,Pass,Pass,0,0,0.88,-0.021
S348,8,1,B08,Op_B,good,60.22,0.117,0.0,0.0,-0.25,0.01,59.81,59.65,0.12,0.132,Pass,Pass,0,0,-0.16,0.012
S349,8,2,B08,Op_A,borderline,54.48,0.151,0.25,-0.01,-0.25,0.01,54.48,54.49,0.161,0.187,Pass,Pass,0,0,0.01,0.026
S350,8,2,B08,Op_C,failed,49.64,0.205,0.25,-0.01,-0.25,0.01,49.78,49.58,0.183,0.215,Fail,Fail,0,0,-0.2,0.032
S351,8,2,B08,Op_C,borderline,54.24,0.125,0.25,-0.01,-0.25,0.01,54.33,55.26,0.107,0.124,Pass,Pass,0,0,0.93,0.017
S352,8,2,B08,Op_A,borderline,54.1,0.159,0.25,-0.01,-0.25,0.01,54.47,54.94,0.176,0.134,Pass,Pass,0,0,0.47,-0.042
S353,8,2,B08,Op_C,good,63.1,0.069,0.25,-0.01,-0.25,0.01,62.59,63.62,0.074,0.102,Pass,Pass,0,0,1.03,0.028
S354,8,2,B08,Op_A,borderline,54.48,0.141,0.25,-0.01,-0.25,0.01,54.19,53.85,0.149,0.154,Pass,Fail,0,1,-0.34,0.005
S355,8,2,B08,Op_A,good,60.29,0.123,0.25,-0.01,-0.25,0.01,60.51,60.52,0.109,0.102,Pass,Pass,0,0,0.01,-0.007
S356,8,2,B08,Op_C,good,62.17,0.056,0.25,-0.01,-0.25,0.01,61.92,62.54,0.041,0.083,Pass,Pass,0,0,0.62,0.042
S357,8,2,B08,Op_A,good,58.19,0.152,0.25,-0.01,-0.25,0.01,58.27,57.74,0.167,0.169,Pass,Pass,0,0,-0.53,0.002
S358,8,2,B08,Op_C,borderline,54.54,0.128,0.25,-0.01,-0.25,0.01,53.69,53.97,0.144,0.104,Fail,Fail,0,0,0.28,-0.04
S359,8,2,B08,Op_B,good,59.1,0.115,0.25,-0.01,-0.25,0.01,60.05,60.21,0.099,0.112,Pass,Pass,0,0,0.16,0.013
S360,8,2,B08,Op_A,good,59.37,0.063,0.25,-0.01,-0.25,0.01,59.28,59.17,0.044,0.048,Pass,Pass,0,0,-0.11,0.004
S361,8,3,B08,Op_B,borderline,54.32,0.164,-0.35,0.015,-0.25,0.01,54.74,54.77,0.162,0.268,Pass,Pass,0,0,0.03,0.106
S362,8,3,B08,Op_C,good,58.4,0.155,-0.35,0.015,-0.25,0.01,58.28,58.45,0.143,0.196,Pass,Pass,0,0,0.17,0.053
S363,8,3,B08,Op_B,borderline,54.7,0.124,-0.35,0.015,-0.25,0.01,54.85,54.37,0.112,0.155,Pass,Pass,0,0,-0.48,0.043
S364,8,3,B08,Op_B,good,57.91,0.082,-0.35,0.015,-0.25,0.01,58.43,57.6,0.063,0.121,Pass,Pass,0,0,-0.83,0.058
S365,8,3,B08,Op_C,good,60.98,0.101,-0.35,0.015,-0.25,0.01,61.39,59.47,0.094,0.167,Pass,Pass,0,0,-1.92,0.073
S366,8,3,B08,Op_B,borderline,55.12,0.18,-0.35,0.015,-0.25,0.01,55.05,54.65,0.163,0.202,Pass,Pass,0,0,-0.4,0.039
S367,8,3,B08,Op_B,good,58.76,0.066,-0.35,0.015,-0.25,0.01,58.71,59.08,0.05,0.073,Pass,Pass,0,0,0.37,0.023
S368,8,3,B08,Op_C,good,58.83,0.076,-0.35,0.015,-0.25,0.01,59.18,58.67,0.08,0.126,Pass,Pass,0,0,-0.51,0.046
S369,8,3,B08,Op_B,good,59.91,0.087,-0.35,0.015,-0.25,0.01,60.73,59.41,0.086,0.107,Pass,Pass,0,0,-1.32,0.021
S370,8,3,B08,Op_C,good,58.3,0.088,-0.35,0.015,-0.25,0.01,58.37,58.81,0.095,0.081,Pass,Pass,0,0,0.44,-0.014
S371,8,3,B08,Op_B,failed,53.22,0.126,-0.35,0.015,-0.25,0.01,53.9,52.5,0.101,0.113,Fail,Fail,0,0,-1.4,0.012
S372,8,3,B08,Op_C,good,60.04,0.05,-0.35,0.015,-0.25,0.01,59.96,59.04,0.05,0.121,Pass,Pass,0,0,-0.92,0.071
S373,8,4,B08,Op_C,failed,51.09,0.184,0.1,0.02,-0.25,0.01,51.42,51.04,0.215,0.218,Fail,Fail,0,0,-0.38,0.003
S374,8,4,B08,Op_B,good,60.52,0.106,0.1,0.02,-0.25,0.01,60.91,60.87,0.1,0.118,Pass,Pass,0,0,-0.04,0.018
S375,8,4,B08,Op_B,borderline,53.92,0.095,0.1,0.02,-0.25,0.01,53.78,52.65,0.107,0.118,Fail,Fail,0,0,-1.13,0.011
S376,8,4,B08,Op_B,borderline,55.59,0.177,0.1,0.02,-0.25,0.01,55.33,55.63,0.189,0.231,Pass,Pass,0,0,0.3,0.042
S377,8,4,B08,Op_A,borderline,54.61,0.191,0.1,0.02,-0.25,0.01,55.01,54.99,0.204,0.212,Pass,Pass,0,0,-0.02,0.008
S378,8,4,B08,Op_A,good,60.93,0.07,0.1,0.02,-0.25,0.01,60.74,60.6,0.072,0.057,Pass,Pass,0,0,-0.14,-0.015
S379,8,4,B08,Op_A,good,59.2,0.141,0.1,0.02,-0.25,0.01,58.89,59.77,0.149,0.181,Pass,Pass,0,0,0.88,0.032
S380,8,4,B08,Op_C,good,61.48,0.072,0.1,0.02,-0.25,0.01,61.24,61.75,0.082,0.138,Pass,Pass,0,0,0.51,0.056
S381,8,4,B08,Op_B,failed,51.1,0.172,0.1,0.02,-0.25,0.01,50.91,52.34,0.182,0.236,Fail,Fail,0,0,1.43,0.054
S382,8,4,B08,Op_C,failed,53.77,0.122,0.1,0.02,-0.25,0.01,54.07,53.13,0.105,0.135,Pass,Fail,0,1,-0.94,0.03
S383,8,4,B08,Op_A,failed,49.95,0.242,0.1,0.02,-0.25,0.01,50.13,50.34,0.216,0.31,Fail,Fail,0,0,0.21,0.094
S384,8,4,B08,Op_B,good,59.81,0.093,0.1,0.02,-0.25,0.01,60.06,59.0,0.07,0.129,Pass,Pass,0,0,-1.06,0.059
S385,9,1,B09,Op_C,borderline,53.47,0.153,0.0,0.0,-0.5,0.02,53.62,51.92,0.149,0.21,Fail,Fail,0,0,-1.7,0.061
S386,9,1,B09,Op_B,failed,49.71,0.157,0.0,0.0,-0.5,0.02,49.5,47.89,0.166,0.194,Fail,Fail,0,0,-1.61,0.028
S387,9,1,B09,Op_C,good,60.43,0.153,0.0,0.0,-0.5,0.02,60.67,60.28,0.136,0.127,Pass,Pass,0,0,-0.39,-0.009
S388,9,1,B09,Op_B,good,61.19,0.148,0.0,0.0,-0.5,0.02,61.6,60.81,0.162,0.22,Pass,Pass,0,0,-0.79,0.058
S389,9,1,B09,Op_A,borderline,57.47,0.168,0.0,0.0,-0.5,0.02,57.67,56.66,0.16,0.19,Pass,Pass,0,0,-1.01,0.03
S390,9,1,B09,Op_A,borderline,54.4,0.171,0.0,0.0,-0.5,0.02,54.56,52.75,0.164,0.208,Pass,Fail,0,1,-1.81,0.044
S391,9,1,B09,Op_B,failed,49.1,0.163,0.0,0.0,-0.5,0.02,48.83,48.15,0.15,0.143,Fail,Fail,0,0,-0.68,-0.007
S392,9,1,B09,Op_C,good,60.63,0.12,0.0,0.0,-0.5,0.02,60.7,60.13,0.092,0.155,Pass,Pass,0,0,-0.57,0.063
S393,9,1,B09,Op_A,borderline,53.37,0.15,0.0,0.0,-0.5,0.02,53.08,53.39,0.153,0.203,Fail,Fail,0,0,0.31,0.05
S394,9,1,B09,Op_A,good,60.35,0.137,0.0,0.0,-0.5,0.02,60.34,59.84,0.163,0.215,Pass,Pass,0,0,-0.5,0.052
S395,9,1,B09,Op_A,good,58.75,0.143,0.0,0.0,-0.5,0.02,58.18,58.41,0.142,0.205,Pass,Pass,0,0,0.23,0.063
S396,9,1,B09,Op_B,good,59.82,0.082,0.0,0.0,-0.5,0.02,59.25,59.08,0.054,0.119,Pass,Pass,0,0,-0.17,0.065
S397,9,2,B09,Op_B,failed,52.14,0.187,0.25,-0.01,-0.5,0.02,52.07,53.03,0.199,0.151,Fail,Fail,0,0,0.96,-0.048
S398,9,2,B09,Op_C,borderline,54.39,0.163,0.25,-0.01,-0.5,0.02,54.2,53.48,0.139,0.177,Pass,Fail,0,1,-0.72,0.038
S399,9,2,B09,Op_C,borderline,55.43,0.051,0.25,-0.01,-0.5,0.02,55.47,54.73,0.033,0.043,Pass,Pass,0,0,-0.74,0.01
S400,9,2,B09,Op_C,good,60.81,0.118,0.25,-0.01,-0.5,0.02,60.76,60.24,0.114,0.135,Pass,Pass,0,0,-0.52,0.021
S401,9,2,B09,Op_B,failed,47.7,0.179,0.25,-0.01,-0.5,0.02,47.71,47.8,0.181,0.153,Fail,Fail,0,0,0.09,-0.028
S402,9,2,B09,Op_B,good,58.15,0.087,0.25,-0.01,-0.5,0.02,58.36,57.22,0.072,0.091,Pass,Pass,0,0,-1.14,0.019
S403,9,2,B09,Op_C,failed,48.16,0.164,0.25,-0.01,-0.5,0.02,48.0,48.0,0.16,0.158,Fail,Fail,0,0,0.0,-0.002
S404,9,2,B09,Op_C,good,62.5,0.077,0.25,-0.01,-0.5,0.02,62.42,62.36,0.088,0.071,Pass,Pass,0,0,-0.06,-0.017
S405,9,2,B09,Op_B,good,59.34,0.119,0.25,-0.01,-0.5,0.02,59.85,58.64,0.132,0.113,Pass,Pass,0,0,-1.21,-0.019
S406,9,2,B09,Op_C,good,62.17,0.05,0.25,-0.01,-0.5,0.02,62.17,62.13,0.069,0.056,Pass,Pass,0,0,-0.04,-0.013
S407,9,2,B09,Op_A,good,57.05,0.128,0.25,-0.01,-0.5,0.02,56.99,56.14,0.157,0.147,Pass,Pass,0,0,-0.85,-0.01
S408,9,2,B09,Op_B,borderline,53.93,0.163,0.25,-0.01,-0.5,0.02,53.96,52.95,0.175,0.098,Fail,Fail,0,0,-1.01,-0.077
S409,9,3,B09,Op_C,borderline,55.3,0.191,-0.35,0.015,-0.5,0.02,55.24,54.51,0.188,0.155,Pass,Pass,0,0,-0.73,-0.033
S410,9,3,B09,Op_B,good,59.77,0.069,-0.35,0.015,-0.5,0.02,59.52,57.84,0.082,0.094,Pass,Pass,0,0,-1.68,0.012
S411,9,3,B09,Op_A,failed,51.3,0.155,-0.35,0.015,-0.5,0.02,50.95,49.06,0.162,0.184,Fail,Fail,0,0,-1.89,0.022
S412,9,3,B09,Op_B,good,57.62,0.126,-0.35,0.015,-0.5,0.02,57.35,57.12,0.134,0.167,Pass,Pass,0,0,-0.23,0.033
S413,9,3,B09,Op_B,borderline,55.88,0.165,-0.35,0.015,-0.5,0.02,56.19,55.71,0.168,0.178,Pass,Pass,0,0,-0.48,0.01
S414,9,3,B09,Op_B,failed,51.67,0.153,-0.35,0.015,-0.5,0.02,51.45,50.52,0.139,0.188,Fail,Fail,0,0,-0.93,0.049
S415,9,3,B09,Op_B,borderline,54.9,0.174,-0.35,0.015,-0.5,0.02,54.85,53.62,0.159,0.213,Pass,Fail,0,1,-1.23,0.054
S416,9,3,B09,Op_A,good,58.47,0.053,-0.35,0.015,-0.5,0.02,58.72,58.27,0.052,0.066,Pass,Pass,0,0,-0.45,0.014
S417,9,3,B09,Op_B,failed,50.99,0.13,-0.35,0.015,-0.5,0.02,50.89,49.4,0.132,0.195,Fail,Fail,0,0,-1.49,0.063
S418,9,3,B09,Op_B,borderline,54.21,0.154,-0.35,0.015,-0.5,0.02,54.43,52.47,0.144,0.194,Pass,Fail,0,1,-1.96,0.05
S419,9,3,B09,Op_C,good,57.02,0.08,-0.35,0.015,-0.5,0.02,56.48,56.63,0.086,0.131,Pass,Pass,0,0,0.15,0.045
S420,9,3,B09,Op_B,good,59.42,0.069,-0.35,0.015,-0.5,0.02,59.37,58.58,0.1,0.106,Pass,Pass,0,0,-0.79,0.006
S421,9,4,B09,Op_C,borderline,54.34,0.127,0.1,0.02,-0.5,0.02,54.37,54.63,0.101,0.23,Pass,Pass,0,0,0.26,0.129
S422,9,4,B09,Op_A,borderline,55.56,0.156,0.1,0.02,-0.5,0.02,55.57,53.77,0.165,0.214,Pass,Fail,0,1,-1.8,0.049
S423,9,4,B09,Op_A,borderline,52.27,0.101,0.1,0.02,-0.5,0.02,51.69,50.96,0.1,0.126,Fail,Fail,0,0,-0.73,0.026
S424,9,4,B09,Op_A,failed,50.85,0.174,0.1,0.02,-0.5,0.02,51.27,50.46,0.181,0.239,Fail,Fail,0,0,-0.81,0.058
S425,9,4,B09,Op_A,borderline,53.34,0.181,0.1,0.02,-0.5,0.02,53.04,53.21,0.175,0.172,Fail,Fail,0,0,0.17,-0.003
S426,9,4,B09,Op_C,good,59.98,0.094,0.1,0.02,-0.5,0.02,60.1,60.13,0.092,0.138,Pass,Pass,0,0,0.03,0.046
S427,9,4,B09,Op_B,good,60.06,0.088,0.1,0.02,-0.5,0.02,60.06,59.77,0.09,0.138,Pass,Pass,0,0,-0.29,0.048
S428,9,4,B09,Op_A,good,59.37,0.117,0.1,0.02,-0.5,0.02,59.72,59.08,0.112,0.161,Pass,Pass,0,0,-0.64,0.049
S429,9,4,B09,Op_B,borderline,55.31,0.129,0.1,0.02,-0.5,0.02,56.08,54.66,0.106,0.159,Pass,Pass,0,0,-1.42,0.053
S430,9,4,B09,Op_C,good,57.63,0.159,0.1,0.02,-0.5,0.02,57.18,58.26,0.155,0.169,Pass,Pass,0,0,1.08,0.014
S431,9,4,B09,Op_C,borderline,55.61,0.1,0.1,0.02,-0.5,0.02,55.38,54.49,0.079,0.116,Pass,Pass,0,0,-0.89,0.037
S432,9,4,B09,Op_C,borderline,53.79,0.145,0.1,0.02,-0.5,0.02,53.86,53.62,0.155,0.188,Fail,Fail,0,0,-0.24,0.033
S433,10,1,B10,Op_A,failed,48.17,0.195,0.0,0.0,-0.75,0.03,47.78,46.78,0.167,0.192,Fail,Fail,0,0,-1.0,0.025
S434,10,1,B10,Op_B,good,59.09,0.095,0.0,0.0,-0.75,0.03,59.36,58.69,0.11,0.178,Pass,Pass,0,0,-0.67,0.068
S435,10,1,B10,Op_B,failed,47.36,0.109,0.0,0.0,-0.75,0.03,47.66,45.94,0.115,0.06,Fail,Fail,0,0,-1.72,-0.055
S436,10,1,B10,Op_B,good,59.88,0.096,0.0,0.0,-0.75,0.03,60.08,59.61,0.103,0.116,Pass,Pass,0,0,-0.47,0.013
S437,10,1,B10,Op_C,failed,50.11,0.201,0.0,0.0,-0.75,0.03,50.19,49.43,0.169,0.234,Fail,Fail,0,0,-0.76,0.065
S438,10,1,B10,Op_A,good,61.35,0.113,0.0,0.0,-0.75,0.03,61.83,61.73,0.108,0.158,Pass,Pass,0,0,-0.1,0.05
S439,10,1,B10,Op_C,good,60.47,0.107,0.0,0.0,-0.75,0.03,60.07,59.54,0.124,0.11,Pass,Pass,0,0,-0.53,-0.014
S440,10,1,B10,Op_C,borderline,53.11,0.119,0.0,0.0,-0.75,0.03,53.13,52.64,0.111,0.183,Fail,Fail,0,0,-0.49,0.072
S441,10,1,B10,Op_B,good,58.24,0.125,0.0,0.0,-0.75,0.03,57.98,56.98,0.109,0.113,Pass,Pass,0,0,-1.0,0.004
S442,10,1,B10,Op_C,good,60.28,0.081,0.0,0.0,-0.75,0.03,60.59,59.34,0.071,0.094,Pass,Pass,0,0,-1.25,0.023
S443,10,1,B10,Op_B,borderline,55.35,0.145,0.0,0.0,-0.75,0.03,54.71,54.67,0.144,0.194,Pass,Pass,0,0,-0.04,0.05
S444,10,1,B10,Op_A,borderline,55.72,0.136,0.0,0.0,-0.75,0.03,55.71,53.98,0.123,0.197,Pass,Fail,0,1,-1.73,0.074
S445,10,2,B10,Op_B,borderline,55.71,0.103,0.25,-0.01,-0.75,0.03,55.83,54.29,0.122,0.081,Pass,Pass,0,0,-1.54,-0.041
S446,10,2,B10,Op_A,borderline,54.41,0.115,0.25,-0.01,-0.75,0.03,54.08,54.3,0.114,0.214,Pass,Pass,0,0,0.22,0.1
S447,10,2,B10,Op_B,borderline,54.86,0.149,0.25,-0.01,-0.75,0.03,54.64,54.27,0.141,0.142,Pass,Pass,0,0,-0.37,0.001
S448,10,2,B10,Op_C,good,61.45,0.082,0.25,-0.01,-0.75,0.03,61.46,60.56,0.062,0.063,Pass,Pass,0,0,-0.9,0.001
S449,10,2,B10,Op_C,good,59.05,0.082,0.25,-0.01,-0.75,0.03,59.38,58.07,0.089,0.117,Pass,Pass,0,0,-1.31,0.028
S450,10,2,B10,Op_A,good,60.07,0.072,0.25,-0.01,-0.75,0.03,59.71,59.12,0.079,0.082,Pass,Pass,0,0,-0.59,0.003
S451,10,2,B10,Op_A,failed,50.01,0.166,0.25,-0.01,-0.75,0.03,49.71,49.58,0.154,0.171,Fail,Fail,0,0,-0.13,0.017
S452,10,2,B10,Op_A,borderline,53.95,0.192,0.25,-0.01,-0.75,0.03,54.34,53.74,0.158,0.23,Pass,Fail,0,1,-0.6,0.072
S453,10,2,B10,Op_B,good,59.57,0.087,0.25,-0.01,-0.75,0.03,59.47,57.71,0.093,0.061,Pass,Pass,0,0,-1.76,-0.032
S454,10,2,B10,Op_B,good,58.47,0.111,0.25,-0.01,-0.75,0.03,58.2,58.89,0.108,0.08,Pass,Pass,0,0,0.69,-0.028
S455,10,2,B10,Op_A,failed,50.3,0.176,0.25,-0.01,-0.75,0.03,50.56,50.67,0.181,0.178,Fail,Fail,0,0,0.11,-0.003
S456,10,2,B10,Op_C,good,57.95,0.081,0.25,-0.01,-0.75,0.03,57.78,55.94,0.11,0.133,Pass,Pass,0,0,-1.84,0.023
S457,10,3,B10,Op_B,borderline,54.31,0.09,-0.35,0.015,-0.75,0.03,54.67,53.92,0.09,0.118,Pass,Fail,0,1,-0.75,0.028
S458,10,3,B10,Op_B,borderline,54.95,0.107,-0.35,0.015,-0.75,0.03,54.72,54.54,0.099,0.2,Pass,Pass,0,0,-0.18,0.101
S459,10,3,B10,Op_B,borderline,53.91,0.153,-0.35,0.015,-0.75,0.03,53.85,52.81,0.136,0.234,Fail,Fail,0,0,-1.04,0.098
S460,10,3,B10,Op_A,good,59.51,0.106,-0.35,0.015,-0.75,0.03,59.84,57.57,0.101,0.159,Pass,Pass,0,0,-2.27,0.058
S461,10,3,B10,Op_A,failed,50.71,0.191,-0.35,0.015,-0.75,0.03,50.63,50.27,0.193,0.246,Fail,Fail,0,0,-0.36,0.053
S462,10,3,B10,Op_A,failed,51.18,0.169,-0.35,0.015,-0.75,0.03,51.44,49.92,0.17,0.222,Fail,Fail,0,0,-1.52,0.052
S463,10,3,B10,Op_A,borderline,54.37,0.139,-0.35,0.015,-0.75,0.03,54.35,53.63,0.165,0.189,Pass,Fail,0,1,-0.72,0.024
S464,10,3,B10,Op_A,borderline,55.59,0.115,-0.35,0.015,-0.75,0.03,56.28,55.93,0.122,0.149,Pass,Pass,0,0,-0.35,0.027
S465,10,3,B10,Op_C,failed,47.35,0.221,-0.35,0.015,-0.75,0.03,47.9,46.41,0.219,0.258,Fail,Fail,0,0,-1.49,0.039
S466,10,3,B10,Op_C,borderline,57.44,0.092,-0.35,0.015,-0.75,0.03,56.98,55.74,0.081,0.105,Pass,Pass,0,0,-1.24,0.024
S467,10,3,B10,Op_A,good,58.19,0.08,-0.35,0.015,-0.75,0.03,58.37,56.87,0.084,0.059,Pass,Pass,0,0,-1.5,-0.025
S468,10,3,B10,Op_B,borderline,54.9,0.155,-0.35,0.015,-0.75,0.03,54.61,53.29,0.141,0.233,Pass,Fail,0,1,-1.32,0.092
S469,10,4,B10,Op_A,borderline,53.56,0.108,0.1,0.02,-0.75,0.03,53.63,53.19,0.111,0.163,Fail,Fail,0,0,-0.44,0.052
S470,10,4,B10,Op_C,good,60.47,0.169,0.1,0.02,-0.75,0.03,60.49,59.3,0.176,0.219,Pass,Pass,0,0,-1.19,0.043
S471,10,4,B10,Op_C,borderline,54.78,0.142,0.1,0.02,-0.75,0.03,54.41,53.82,0.139,0.204,Pass,Fail,0,1,-0.59,0.065
S472,10,4,B10,Op_B,failed,49.52,0.189,0.1,0.02,-0.75,0.03,49.89,48.04,0.18,0.214,Fail,Fail,0,0,-1.85,0.034
S473,10,4,B10,Op_C,failed,52.11,0.135,0.1,0.02,-0.75,0.03,52.18,51.37,0.102,0.155,Fail,Fail,0,0,-0.81,0.053
S474,10,4,B10,Op_A,good,59.25,0.096,0.1,0.02,-0.75,0.03,59.15,58.71,0.113,0.137,Pass,Pass,0,0,-0.44,0.024
S475,10,4,B10,Op_B,good,60.32,0.085,0.1,0.02,-0.75,0.03,60.17,57.92,0.091,0.176,Pass,Pass,0,0,-2.25,0.085
S476,10,4,B10,Op_A,failed,49.12,0.165,0.1,0.02,-0.75,0.03,49.17,48.64,0.171,0.18,Fail,Fail,0,0,-0.53,0.009
S477,10,4,B10,Op_A,failed,50.45,0.191,0.1,0.02,-0.75,0.03,50.59,49.77,0.168,0.162,Fail,Fail,0,0,-0.82,-0.006
S478,10,4,B10,Op_B,good,62.51,0.068,0.1,0.02,-0.75,0.03,62.47,61.36,0.089,0.102,Pass,Pass,0,0,-1.11,0.013
S479,10,4,B10,Op_A,failed,51.94,0.191,0.1,0.02,-0.75,0.03,50.95,52.61,0.184,0.275,Fail,Fail,0,0,1.66,0.091
S480,10,4,B10,Op_C,failed,50.96,0.248,0.1,0.02,-0.75,0.03,50.97,50.93,0.244,0.246,Fail,Fail,0,0,-0.04,0.002
